0.,2,-0.05
0.,2.1,-0.05
0.,2.2,-0.05
0.,2.3,-0.05
0.,2.4,-0.05
0.,2.5,-0.05
0.,2.6,-0.05
0.,2.7,-0.05
0.,2.8,-0.05
0.,2.9,-0.05
0.,3,-0.05
0.,3.1,-0.05
0.,3.2,-0.05
0.,3.3,-0.05
0.,3.4,-0.05
0.,3.5,-0.05
0.,3.6,-0.05
0.,3.7,-0.05
0.,3.8,-0.05
0.,3.9,-0.05
0.,4,-0.05
0.,4.1,-0.05
0.,4.2,-0.05
0.,4.3,-0.05
0.,4.4,-0.05
0.,4.5,-0.05
0.,4.6,-0.05
0.,4.7,-0.05
0.,4.8,-0.05
0.,4.9,-0.05
0.,5,-0.05
0.,5.1,-0.05
0.,5.2,-0.05
0.,5.3,-0.05
0.,5.4,-0.05
0.,5.5,-0.05
0.,5.6,-0.05
0.,5.7,-0.05
0.,5.8,-0.05
0.,5.9,-0.05
0.,6,-0.05
0.,6.1,-0.05
0.,6.2,-0.05
0.,6.3,-0.05
0.,6.4,-0.05
0.,6.5,-0.05
0.,6.6,-0.05
0.,6.7,-0.05
0.,6.8,-0.05
0.,6.9,-0.05
0.,7,-0.05
0.1,2,-0.05
0.1,2.1,-0.05
0.1,2.2,-0.05
0.1,2.3,-0.05
0.1,2.4,-0.05
0.1,2.5,-0.05
0.1,2.6,-0.05
0.1,2.7,-0.05
0.1,2.8,-0.05
0.1,2.9,-0.05
0.1,3,-0.05
0.1,3.1,-0.05
0.1,3.2,-0.05
0.1,3.3,-0.05
0.1,3.4,-0.05
0.1,3.5,-0.05
0.1,3.6,-0.05
0.1,3.7,-0.05
0.1,3.8,-0.05
0.1,3.9,-0.05
0.1,4,-0.05
0.1,4.1,-0.05
0.1,4.2,-0.05
0.1,4.3,-0.05
0.1,4.4,-0.05
0.1,4.5,-0.05
0.1,4.6,-0.05
0.1,4.7,-0.05
0.1,4.8,-0.05
0.1,4.9,-0.05
0.1,5,-0.05
0.1,5.1,-0.05
0.1,5.2,-0.05
0.1,5.3,-0.05
0.1,5.4,-0.05
0.1,5.5,-0.05
0.1,5.6,-0.05
0.1,5.7,-0.05
0.1,5.8,-0.05
0.1,5.9,-0.05
0.1,6,-0.05
0.1,6.1,-0.05
0.1,6.2,-0.05
0.1,6.3,-0.05
0.1,6.4,-0.05
0.1,6.5,-0.05
0.1,6.6,-0.05
0.1,6.7,-0.05
0.1,6.8,-0.05
0.1,6.9,-0.05
0.1,7,-0.05
0.2,2,-0.05
0.2,2.1,-0.05
0.2,2.2,-0.05
0.2,2.3,-0.05
0.2,2.4,-0.05
0.2,2.5,-0.05
0.2,2.6,-0.05
0.2,2.7,-0.05
0.2,2.8,-0.05
0.2,2.9,-0.05
0.2,3,-0.05
0.2,3.1,-0.05
0.2,3.2,-0.05
0.2,3.3,-0.05
0.2,3.4,-0.05
0.2,3.5,-0.05
0.2,3.6,-0.05
0.2,3.7,-0.05
0.2,3.8,-0.05
0.2,3.9,-0.05
0.2,4,-0.05
0.2,4.1,-0.05
0.2,4.2,-0.05
0.2,4.3,-0.05
0.2,4.4,-0.05
0.2,4.5,-0.05
0.2,4.6,-0.05
0.2,4.7,-0.05
0.2,4.8,-0.05
0.2,4.9,-0.05
0.2,5,-0.05
0.2,5.1,-0.05
0.2,5.2,-0.05
0.2,5.3,-0.05
0.2,5.4,-0.05
0.2,5.5,-0.05
0.2,5.6,-0.05
0.2,5.7,-0.05
0.2,5.8,-0.05
0.2,5.9,-0.05
0.2,6,-0.05
0.2,6.1,-0.05
0.2,6.2,-0.05
0.2,6.3,-0.05
0.2,6.4,-0.05
0.2,6.5,-0.05
0.2,6.6,-0.05
0.2,6.7,-0.05
0.2,6.8,-0.05
0.2,6.9,-0.05
0.2,7,-0.05
0.3,2,-0.05
0.3,2.1,-0.05
0.3,2.2,-0.05
0.3,2.3,-0.05
0.3,2.4,-0.05
0.3,2.5,-0.05
0.3,2.6,-0.05
0.3,2.7,-0.05
0.3,2.8,-0.05
0.3,2.9,-0.05
0.3,3,-0.05
0.3,3.1,-0.05
0.3,3.2,-0.05
0.3,3.3,-0.05
0.3,3.4,-0.05
0.3,3.5,-0.05
0.3,3.6,-0.05
0.3,3.7,-0.05
0.3,3.8,-0.05
0.3,3.9,-0.05
0.3,4,-0.05
0.3,4.1,-0.05
0.3,4.2,-0.05
0.3,4.3,-0.05
0.3,4.4,-0.05
0.3,4.5,-0.05
0.3,4.6,-0.05
0.3,4.7,-0.05
0.3,4.8,-0.05
0.3,4.9,-0.05
0.3,5,-0.05
0.3,5.1,-0.05
0.3,5.2,-0.05
0.3,5.3,-0.05
0.3,5.4,-0.05
0.3,5.5,-0.05
0.3,5.6,-0.05
0.3,5.7,-0.05
0.3,5.8,-0.05
0.3,5.9,-0.05
0.3,6,-0.05
0.3,6.1,-0.05
0.3,6.2,-0.05
0.3,6.3,-0.05
0.3,6.4,-0.05
0.3,6.5,-0.05
0.3,6.6,-0.05
0.3,6.7,-0.05
0.3,6.8,-0.05
0.3,6.9,-0.05
0.3,7,-0.05
0.4,2,-0.05
0.4,2.1,-0.05
0.4,2.2,-0.05
0.4,2.3,-0.05
0.4,2.4,-0.05
0.4,2.5,-0.05
0.4,2.6,-0.05
0.4,2.7,-0.05
0.4,2.8,-0.05
0.4,2.9,-0.05
0.4,3,-0.05
0.4,3.1,-0.05
0.4,3.2,-0.05
0.4,3.3,-0.05
0.4,3.4,-0.05
0.4,3.5,-0.05
0.4,3.6,-0.05
0.4,3.7,-0.05
0.4,3.8,-0.05
0.4,3.9,-0.05
0.4,4,-0.05
0.4,4.1,-0.05
0.4,4.2,-0.05
0.4,4.3,-0.05
0.4,4.4,-0.05
0.4,4.5,-0.05
0.4,4.6,-0.05
0.4,4.7,-0.05
0.4,4.8,-0.05
0.4,4.9,-0.05
0.4,5,-0.05
0.4,5.1,-0.05
0.4,5.2,-0.05
0.4,5.3,-0.05
0.4,5.4,-0.05
0.4,5.5,-0.05
0.4,5.6,-0.05
0.4,5.7,-0.05
0.4,5.8,-0.05
0.4,5.9,-0.05
0.4,6,-0.05
0.4,6.1,-0.05
0.4,6.2,-0.05
0.4,6.3,-0.05
0.4,6.4,-0.05
0.4,6.5,-0.05
0.4,6.6,-0.05
0.4,6.7,-0.05
0.4,6.8,-0.05
0.4,6.9,-0.05
0.4,7,-0.05
0.5,2,-0.05
0.5,2.1,-0.05
0.5,2.2,-0.05
0.5,2.3,-0.05
0.5,2.4,-0.05
0.5,2.5,-0.05
0.5,2.6,-0.05
0.5,2.7,-0.05
0.5,2.8,-0.05
0.5,2.9,-0.05
0.5,3,-0.05
0.5,3.1,-0.05
0.5,3.2,-0.05
0.5,3.3,-0.05
0.5,3.4,-0.05
0.5,3.5,-0.05
0.5,3.6,-0.05
0.5,3.7,-0.05
0.5,3.8,-0.05
0.5,3.9,-0.05
0.5,4,-0.05
0.5,4.1,-0.05
0.5,4.2,-0.05
0.5,4.3,-0.05
0.5,4.4,-0.05
0.5,4.5,-0.05
0.5,4.6,-0.05
0.5,4.7,-0.05
0.5,4.8,-0.05
0.5,4.9,-0.05
0.5,5,-0.05
0.5,5.1,-0.05
0.5,5.2,-0.05
0.5,5.3,-0.05
0.5,5.4,-0.05
0.5,5.5,-0.05
0.5,5.6,-0.05
0.5,5.7,-0.05
0.5,5.8,-0.05
0.5,5.9,-0.05
0.5,6,-0.05
0.5,6.1,-0.05
0.5,6.2,-0.05
0.5,6.3,-0.05
0.5,6.4,-0.05
0.5,6.5,-0.05
0.5,6.6,-0.05
0.5,6.7,-0.05
0.5,6.8,-0.05
0.5,6.9,-0.05
0.5,7,-0.05
0.6,2,-0.05
0.6,2.1,-0.05
0.6,2.2,-0.05
0.6,2.3,-0.05
0.6,2.4,-0.05
0.6,2.5,-0.05
0.6,2.6,-0.05
0.6,2.7,-0.05
0.6,2.8,-0.05
0.6,2.9,-0.05
0.6,3,-0.05
0.6,3.1,-0.05
0.6,3.2,-0.05
0.6,3.3,-0.05
0.6,3.4,-0.05
0.6,3.5,-0.05
0.6,3.6,-0.05
0.6,3.7,-0.05
0.6,3.8,-0.05
0.6,3.9,-0.05
0.6,4,-0.05
0.6,4.1,-0.05
0.6,4.2,-0.05
0.6,4.3,-0.05
0.6,4.4,-0.05
0.6,4.5,-0.05
0.6,4.6,-0.05
0.6,4.7,-0.05
0.6,4.8,-0.05
0.6,4.9,-0.05
0.6,5,-0.05
0.6,5.1,-0.05
0.6,5.2,-0.05
0.6,5.3,-0.05
0.6,5.4,-0.05
0.6,5.5,-0.05
0.6,5.6,-0.05
0.6,5.7,-0.05
0.6,5.8,-0.05
0.6,5.9,-0.05
0.6,6,-0.05
0.6,6.1,-0.05
0.6,6.2,-0.05
0.6,6.3,-0.05
0.6,6.4,-0.05
0.6,6.5,-0.05
0.6,6.6,-0.05
0.6,6.7,-0.05
0.6,6.8,-0.05
0.6,6.9,-0.05
0.6,7,-0.05
0.7,2,-0.05
0.7,2.1,-0.05
0.7,2.2,-0.05
0.7,2.3,-0.05
0.7,2.4,-0.05
0.7,2.5,-0.05
0.7,2.6,-0.05
0.7,2.7,-0.05
0.7,2.8,-0.05
0.7,2.9,-0.05
0.7,3,-0.05
0.7,3.1,-0.05
0.7,3.2,-0.05
0.7,3.3,-0.05
0.7,3.4,-0.05
0.7,3.5,-0.05
0.7,3.6,-0.05
0.7,3.7,-0.05
0.7,3.8,-0.05
0.7,3.9,-0.05
0.7,4,-0.05
0.7,4.1,-0.0513192
0.7,4.2,-0.055137
0.7,4.3,-0.0585186
0.7,4.4,-0.0614367
0.7,4.5,-0.0638494
0.7,4.6,-0.0657075
0.7,4.7,-0.066959
0.7,4.8,-0.0675533
0.7,4.9,-0.0674442
0.7,5,-0.0665917
0.7,5.1,-0.0649628
0.7,5.2,-0.0625319
0.7,5.3,-0.0592805
0.7,5.4,-0.0551964
0.7,5.5,-0.0502731
0.7,5.6,-0.05
0.7,5.7,-0.05
0.7,5.8,-0.05
0.7,5.9,-0.05
0.7,6,-0.05
0.7,6.1,-0.05
0.7,6.2,-0.05
0.7,6.3,-0.05
0.7,6.4,-0.05
0.7,6.5,-0.05
0.7,6.6,-0.05
0.7,6.7,-0.05
0.7,6.8,-0.05
0.7,6.9,-0.05
0.7,7,-0.05
0.8,2,-0.05
0.8,2.1,-0.05
0.8,2.2,-0.05
0.8,2.3,-0.05
0.8,2.4,-0.05
0.8,2.5,-0.05
0.8,2.6,-0.05
0.8,2.7,-0.05
0.8,2.8,-0.05
0.8,2.9,-0.05
0.8,3,-0.05
0.8,3.1,-0.05
0.8,3.2,-0.05
0.8,3.3,-0.05
0.8,3.4,-0.0524153
0.8,3.5,-0.0591765
0.8,3.6,-0.0648584
0.8,3.7,-0.069791
0.8,3.8,-0.074231
0.8,3.9,-0.0783672
0.8,4,-0.0823283
0.8,4.1,-0.0861897
0.8,4.2,-0.0899827
0.8,4.3,-0.0937025
0.8,4.4,-0.0973166
0.8,4.5,-0.100773
0.8,4.6,-0.104009
0.8,4.7,-0.106954
0.8,4.8,-0.109539
0.8,4.9,-0.111698
0.8,5,-0.113372
0.8,5.1,-0.114513
0.8,5.2,-0.115081
0.8,5.3,-0.115047
0.8,5.4,-0.114391
0.8,5.5,-0.1131
0.8,5.6,-0.11117
0.8,5.7,-0.108603
0.8,5.8,-0.105402
0.8,5.9,-0.101578
0.8,6,-0.0971418
0.8,6.1,-0.0921077
0.8,6.2,-0.0864932
0.8,6.3,-0.0803192
0.8,6.4,-0.0736108
0.8,6.5,-0.066398
0.8,6.6,-0.058717
0.8,6.7,-0.0506108
0.8,6.8,-0.05
0.8,6.9,-0.05
0.8,7,-0.05
0.9,2,-0.05
0.9,2.1,-0.05
0.9,2.2,-0.05
0.9,2.3,-0.05
0.9,2.4,-0.05
0.9,2.5,-0.05
0.9,2.6,-0.05
0.9,2.7,-0.05
0.9,2.8,-0.05
0.9,2.9,-0.05
0.9,3,-0.0503679
0.9,3.1,-0.0636503
0.9,3.2,-0.0737515
0.9,3.3,-0.0813318
0.9,3.4,-0.0869794
0.9,3.5,-0.0912081
0.9,3.6,-0.094458
0.9,3.7,-0.0970954
0.9,3.8,-0.099415
0.9,3.9,-0.101643
0.9,4,-0.103943
0.9,4.1,-0.106419
0.9,4.2,-0.109126
0.9,4.3,-0.112075
0.9,4.4,-0.11524
0.9,4.5,-0.118572
0.9,4.6,-0.122
0.9,4.7,-0.125442
0.9,4.8,-0.128812
0.9,4.9,-0.132025
0.9,5,-0.135002
0.9,5.1,-0.137671
0.9,5.2,-0.139974
0.9,5.3,-0.141863
0.9,5.4,-0.143303
0.9,5.5,-0.14427
0.9,5.6,-0.144752
0.9,5.7,-0.144744
0.9,5.8,-0.144247
0.9,5.9,-0.143269
0.9,6,-0.141819
0.9,6.1,-0.139911
0.9,6.2,-0.137559
0.9,6.3,-0.134777
0.9,6.4,-0.131581
0.9,6.5,-0.12799
0.9,6.6,-0.124024
0.9,6.7,-0.119703
0.9,6.8,-0.115056
0.9,6.9,-0.110112
0.9,7,-0.104907
1,2,-0.05
1,2.1,-0.05
1,2.2,-0.05
1,2.3,-0.05
1,2.4,-0.05
1,2.5,-0.05
1,2.6,-0.05
1,2.7,-0.05
1,2.8,-0.0536348
1,2.9,-0.0733548
1,3,-0.0883809
1,3.1,-0.0994662
1,3.2,-0.107312
1,3.3,-0.112565
1,3.4,-0.115815
1,3.5,-0.117592
1,3.6,-0.118361
1,3.7,-0.118526
1,3.8,-0.11842
1,3.9,-0.118316
1,4,-0.11842
1,4.1,-0.11888
1,4.2,-0.119787
1,4.3,-0.121182
1,4.4,-0.123067
1,4.5,-0.125403
1,4.6,-0.128128
1,4.7,-0.131159
1,4.8,-0.134401
1,4.9,-0.137756
1,5,-0.141123
1,5.1,-0.144413
1,5.2,-0.147542
1,5.3,-0.15044
1,5.4,-0.153052
1,5.5,-0.155336
1,5.6,-0.157263
1,5.7,-0.158817
1,5.8,-0.159992
1,5.9,-0.160788
1,6,-0.161214
1,6.1,-0.161281
1,6.2,-0.161004
1,6.3,-0.160395
1,6.4,-0.15947
1,6.5,-0.158244
1,6.6,-0.15673
1,6.7,-0.154942
1,6.8,-0.152894
1,6.9,-0.150603
1,7,-0.148084
1.1,2,-0.05
1.1,2.1,-0.05
1.1,2.2,-0.05
1.1,2.3,-0.05
1.1,2.4,-0.05
1.1,2.5,-0.05
1.1,2.6,-0.05
1.1,2.7,-0.0646144
1.1,2.8,-0.0882941
1.1,2.9,-0.106565
1.1,3,-0.120153
1.1,3.1,-0.129746
1.1,3.2,-0.135995
1.1,3.3,-0.139516
1.1,3.4,-0.140883
1.1,3.5,-0.140623
1.1,3.6,-0.139218
1.1,3.7,-0.137094
1.1,3.8,-0.134626
1.1,3.9,-0.132126
1.1,4,-0.12985
1.1,4.1,-0.127995
1.1,4.2,-0.126701
1.1,4.3,-0.126054
1.1,4.4,-0.126093
1.1,4.5,-0.12681
1.1,4.6,-0.128168
1.1,4.7,-0.130094
1.1,4.8,-0.132501
1.1,4.9,-0.135284
1.1,5,-0.138335
1.1,5.1,-0.141545
1.1,5.2,-0.144811
1.1,5.3,-0.148041
1.1,5.4,-0.151155
1.1,5.5,-0.154088
1.1,5.6,-0.156791
1.1,5.7,-0.159228
1.1,5.8,-0.161378
1.1,5.9,-0.163233
1.1,6,-0.164792
1.1,6.1,-0.166062
1.1,6.2,-0.167055
1.1,6.3,-0.167786
1.1,6.4,-0.16827
1.1,6.5,-0.168523
1.1,6.6,-0.168557
1.1,6.7,-0.168386
1.1,6.8,-0.168021
1.1,6.9,-0.167471
1.1,7,-0.166745
1.2,2,-0.05
1.2,2.1,-0.05
1.2,2.2,-0.05
1.2,2.3,-0.05
1.2,2.4,-0.05
1.2,2.5,-0.05
1.2,2.6,-0.0637671
1.2,2.7,-0.0925153
1.2,2.8,-0.115319
1.2,2.9,-0.132849
1.2,3,-0.145739
1.2,3.1,-0.154601
1.2,3.2,-0.160019
1.2,3.3,-0.162555
1.2,3.4,-0.162745
1.2,3.5,-0.161099
1.2,3.6,-0.15809
1.2,3.7,-0.154157
1.2,3.8,-0.149695
1.2,3.9,-0.145053
1.2,4,-0.14053
1.2,4.1,-0.136373
1.2,4.2,-0.132773
1.2,4.3,-0.129871
1.2,4.4,-0.127754
1.2,4.5,-0.126462
1.2,4.6,-0.125994
1.2,4.7,-0.126309
1.2,4.8,-0.127338
1.2,4.9,-0.128989
1.2,5,-0.131156
1.2,5.1,-0.133722
1.2,5.2,-0.136574
1.2,5.3,-0.139598
1.2,5.4,-0.142694
1.2,5.5,-0.145773
1.2,5.6,-0.14876
1.2,5.7,-0.151598
1.2,5.8,-0.154245
1.2,5.9,-0.156674
1.2,6,-0.158873
1.2,6.1,-0.160837
1.2,6.2,-0.162572
1.2,6.3,-0.164091
1.2,6.4,-0.165407
1.2,6.5,-0.166537
1.2,6.6,-0.167496
1.2,6.7,-0.1683
1.2,6.8,-0.168961
1.2,6.9,-0.169488
1.2,7,-0.169888
1.3,2,-0.05
1.3,2.1,-0.05
1.3,2.2,-0.05
1.3,2.3,-0.05
1.3,2.4,-0.05
1.3,2.5,-0.05
1.3,2.6,-0.0841437
1.3,2.7,-0.112223
1.3,2.8,-0.13465
1.3,2.9,-0.152004
1.3,3,-0.164833
1.3,3.1,-0.173658
1.3,3.2,-0.178985
1.3,3.3,-0.181308
1.3,3.4,-0.181105
1.3,3.5,-0.178841
1.3,3.6,-0.174965
1.3,3.7,-0.169901
1.3,3.8,-0.16405
1.3,3.9,-0.157778
1.3,4,-0.151414
1.3,4.1,-0.145246
1.3,4.2,-0.139515
1.3,4.3,-0.134415
1.3,4.4,-0.130088
1.3,4.5,-0.12663
1.3,4.6,-0.124088
1.3,4.7,-0.122469
1.3,4.8,-0.12174
1.3,4.9,-0.121836
1.3,5,-0.122668
1.3,5.1,-0.124131
1.3,5.2,-0.126106
1.3,5.3,-0.128475
1.3,5.4,-0.131119
1.3,5.5,-0.133931
1.3,5.6,-0.136811
1.3,5.7,-0.139679
1.3,5.8,-0.142469
1.3,5.9,-0.14513
1.3,6,-0.14763
1.3,6.1,-0.149951
1.3,6.2,-0.152084
1.3,6.3,-0.154034
1.3,6.4,-0.15581
1.3,6.5,-0.157427
1.3,6.6,-0.158902
1.3,6.7,-0.16025
1.3,6.8,-0.161487
1.3,6.9,-0.162626
1.3,7,-0.163678
1.4,2,-0.05
1.4,2.1,-0.05
1.4,2.2,-0.05
1.4,2.3,-0.05
1.4,2.4,-0.05
1.4,2.5,-0.0629385
1.4,2.6,-0.0964533
1.4,2.7,-0.124091
1.4,2.8,-0.146423
1.4,2.9,-0.163959
1.4,3,-0.177165
1.4,3.1,-0.186479
1.4,3.2,-0.192324
1.4,3.3,-0.195112
1.4,3.4,-0.19525
1.4,3.5,-0.19314
1.4,3.6,-0.189182
1.4,3.7,-0.183767
1.4,3.8,-0.177272
1.4,3.9,-0.170061
1.4,4,-0.162474
1.4,4.1,-0.154821
1.4,4.2,-0.147381
1.4,4.3,-0.140391
1.4,4.4,-0.134049
1.4,4.5,-0.128505
1.4,4.6,-0.123864
1.4,4.7,-0.120188
1.4,4.8,-0.117493
1.4,4.9,-0.115759
1.4,5,-0.114931
1.4,5.1,-0.114927
1.4,5.2,-0.115647
1.4,5.3,-0.116975
1.4,5.4,-0.11879
1.4,5.5,-0.120971
1.4,5.6,-0.123404
1.4,5.7,-0.125985
1.4,5.8,-0.128625
1.4,5.9,-0.131248
1.4,6,-0.133799
1.4,6.1,-0.136237
1.4,6.2,-0.138538
1.4,6.3,-0.140689
1.4,6.4,-0.142691
1.4,6.5,-0.144551
1.4,6.6,-0.146283
1.4,6.7,-0.147903
1.4,6.8,-0.149427
1.4,6.9,-0.150872
1.4,7,-0.152252
1.5,2,-0.05
1.5,2.1,-0.05
1.5,2.2,-0.05
1.5,2.3,-0.05
1.5,2.4,-0.05
1.5,2.5,-0.0689214
1.5,2.6,-0.101634
1.5,2.7,-0.128863
1.5,2.8,-0.151164
1.5,2.9,-0.169002
1.5,3,-0.182785
1.5,3.1,-0.19288
1.5,3.2,-0.199633
1.5,3.3,-0.203375
1.5,3.4,-0.204434
1.5,3.5,-0.203138
1.5,3.6,-0.19982
1.5,3.7,-0.194814
1.5,3.8,-0.188457
1.5,3.9,-0.181081
1.5,4,-0.173014
1.5,4.1,-0.164566
1.5,4.2,-0.156032
1.5,4.3,-0.147679
1.5,4.4,-0.139743
1.5,4.5,-0.132425
1.5,4.6,-0.125884
1.5,4.7,-0.120239
1.5,4.8,-0.115566
1.5,4.9,-0.111896
1.5,5,-0.109226
1.5,5.1,-0.107514
1.5,5.2,-0.106691
1.5,5.3,-0.106663
1.5,5.4,-0.107322
1.5,5.5,-0.108547
1.5,5.6,-0.11022
1.5,5.7,-0.11222
1.5,5.8,-0.114441
1.5,5.9,-0.116785
1.5,6,-0.119171
1.5,6.1,-0.121534
1.5,6.2,-0.123828
1.5,6.3,-0.126021
1.5,6.4,-0.128097
1.5,6.5,-0.130049
1.5,6.6,-0.131884
1.5,6.7,-0.133613
1.5,6.8,-0.13525
1.5,6.9,-0.136814
1.5,7,-0.13832
1.6,2,-0.05
1.6,2.1,-0.05
1.6,2.2,-0.05
1.6,2.3,-0.05
1.6,2.4,-0.05
1.6,2.5,-0.0690828
1.6,2.6,-0.100965
1.6,2.7,-0.127691
1.6,2.8,-0.149843
1.6,2.9,-0.167888
1.6,3,-0.182206
1.6,3.1,-0.193119
1.6,3.2,-0.200912
1.6,3.3,-0.205845
1.6,3.4,-0.208173
1.6,3.5,-0.208146
1.6,3.6,-0.206021
1.6,3.7,-0.202063
1.6,3.8,-0.196546
1.6,3.9,-0.189753
1.6,4,-0.181972
1.6,4.1,-0.173491
1.6,4.2,-0.164594
1.6,4.3,-0.155555
1.6,4.4,-0.146629
1.6,4.5,-0.13805
1.6,4.6,-0.13002
1.6,4.7,-0.12271
1.6,4.8,-0.11625
1.6,4.9,-0.110733
1.6,5,-0.10621
1.6,5.1,-0.102693
1.6,5.2,-0.10016
1.6,5.3,-0.0985557
1.6,5.4,-0.0977992
1.6,5.5,-0.0977905
1.6,5.6,-0.0984166
1.6,5.7,-0.099559
1.6,5.8,-0.101099
1.6,5.9,-0.102925
1.6,6,-0.104935
1.6,6.1,-0.107041
1.6,6.2,-0.109173
1.6,6.3,-0.111274
1.6,6.4,-0.113309
1.6,6.5,-0.115252
1.6,6.6,-0.117096
1.6,6.7,-0.11884
1.6,6.8,-0.120494
1.6,6.9,-0.122072
1.6,7,-0.123589
1.7,2,-0.05
1.7,2.1,-0.05
1.7,2.2,-0.05
1.7,2.3,-0.05
1.7,2.4,-0.05
1.7,2.5,-0.0648677
1.7,2.6,-0.0959292
1.7,2.7,-0.122021
1.7,2.8,-0.143814
1.7,2.9,-0.16182
1.7,3,-0.176435
1.7,3.1,-0.18797
1.7,3.2,-0.196678
1.7,3.3,-0.202772
1.7,3.4,-0.206444
1.7,3.5,-0.207878
1.7,3.6,-0.207255
1.7,3.7,-0.204768
1.7,3.8,-0.200618
1.7,3.9,-0.195022
1.7,4,-0.18821
1.7,4.1,-0.180423
1.7,4.2,-0.171911
1.7,4.3,-0.162928
1.7,4.4,-0.153724
1.7,4.5,-0.144541
1.7,4.6,-0.135606
1.7,4.7,-0.127124
1.7,4.8,-0.119271
1.7,4.9,-0.112192
1.7,5,-0.105995
1.7,5.1,-0.100751
1.7,5.2,-0.0964928
1.7,5.3,-0.0932171
1.7,5.4,-0.090887
1.7,5.5,-0.0894377
1.7,5.6,-0.0887815
1.7,5.7,-0.0888146
1.7,5.8,-0.0894234
1.7,5.9,-0.0904918
1.7,6,-0.0919065
1.7,6.1,-0.0935624
1.7,6.2,-0.0953667
1.7,6.3,-0.0972414
1.7,6.4,-0.0991251
1.7,6.5,-0.100973
1.7,6.6,-0.102755
1.7,6.7,-0.104457
1.7,6.8,-0.106075
1.7,6.9,-0.107615
1.7,7,-0.109088
1.8,2,-0.05
1.8,2.1,-0.05
1.8,2.2,-0.05
1.8,2.3,-0.05
1.8,2.4,-0.05
1.8,2.5,-0.0575896
1.8,2.6,-0.0880026
1.8,2.7,-0.113415
1.8,2.8,-0.134647
1.8,2.9,-0.152314
1.8,3,-0.166876
1.8,3.1,-0.178675
1.8,3.2,-0.187969
1.8,3.3,-0.194952
1.8,3.4,-0.199781
1.8,3.5,-0.202589
1.8,3.6,-0.203499
1.8,3.7,-0.202634
1.8,3.8,-0.200126
1.8,3.9,-0.19612
1.8,4,-0.190775
1.8,4.1,-0.184271
1.8,4.2,-0.176802
1.8,4.3,-0.168579
1.8,4.4,-0.159822
1.8,4.5,-0.150754
1.8,4.6,-0.141601
1.8,4.7,-0.132579
1.8,4.8,-0.123891
1.8,4.9,-0.115719
1.8,5,-0.108217
1.8,5.1,-0.101511
1.8,5.2,-0.0956885
1.8,5.3,-0.0908048
1.8,5.4,-0.0868775
1.8,5.5,-0.0838904
1.8,5.6,-0.0817971
1.8,5.7,-0.0805256
1.8,5.8,-0.0799841
1.8,5.9,-0.0800677
1.8,6,-0.0806648
1.8,6.1,-0.0816635
1.8,6.2,-0.0829572
1.8,6.3,-0.0844489
1.8,6.4,-0.0860554
1.8,6.5,-0.0877085
1.8,6.6,-0.0893566
1.8,6.7,-0.0909639
1.8,6.8,-0.0925094
1.8,6.9,-0.0939846
1.8,7,-0.0953913
1.9,2,-0.05
1.9,2.1,-0.05
1.9,2.2,-0.05
1.9,2.3,-0.05
1.9,2.4,-0.05
1.9,2.5,-0.05
1.9,2.6,-0.0784178
1.9,2.7,-0.103311
1.9,2.8,-0.123913
1.9,2.9,-0.141003
1.9,3,-0.155157
1.9,3.1,-0.166797
1.9,3.2,-0.176225
1.9,3.3,-0.183656
1.9,3.4,-0.189242
1.9,3.5,-0.193096
1.9,3.6,-0.1953
1.9,3.7,-0.19593
1.9,3.8,-0.195055
1.9,3.9,-0.192756
1.9,4,-0.189122
1.9,4.1,-0.184265
1.9,4.2,-0.178311
1.9,4.3,-0.171411
1.9,4.4,-0.163732
1.9,4.5,-0.155458
1.9,4.6,-0.146785
1.9,4.7,-0.137916
1.9,4.8,-0.129052
1.9,4.9,-0.120391
1.9,5,-0.112114
1.9,5.1,-0.104385
1.9,5.2,-0.0973404
1.9,5.3,-0.0910886
1.9,5.4,-0.0857036
1.9,5.5,-0.0812255
1.9,5.6,-0.0776601
1.9,5.7,-0.0749818
1.9,5.8,-0.0731369
1.9,5.9,-0.0720487
1.9,6,-0.0716237
1.9,6.1,-0.0717579
1.9,6.2,-0.0723433
1.9,6.3,-0.0732736
1.9,6.4,-0.0744498
1.9,6.5,-0.075784
1.9,6.6,-0.0772026
1.9,6.7,-0.0786472
1.9,6.8,-0.0800757
1.9,6.9,-0.0814608
1.9,7,-0.0827888
2,2,-0.05
2,2.1,-0.05
2,2.2,-0.05
2,2.3,-0.05
2,2.4,-0.05
2,2.5,-0.05
2,2.6,-0.0679371
2,2.7,-0.0927921
2,2.8,-0.112942
2,2.9,-0.129395
2,3,-0.142899
2,3.1,-0.154004
2,3.2,-0.163103
2,3.3,-0.17047
2,3.4,-0.176293
2,3.5,-0.180691
2,3.6,-0.183741
2,3.7,-0.185491
2,3.8,-0.185973
2,3.9,-0.185216
2,4,-0.183254
2,4.1,-0.18013
2,4.2,-0.175906
2,4.3,-0.170665
2,4.4,-0.164509
2,4.5,-0.157565
2,4.6,-0.149978
2,4.7,-0.141912
2,4.8,-0.133543
2,4.9,-0.125055
2,5,-0.116632
2,5.1,-0.108454
2,5.2,-0.100686
2,5.3,-0.0934762
2,5.4,-0.0869466
2,5.5,-0.0811909
2,5.6,-0.0762706
2,5.7,-0.0722144
2,5.8,-0.0690188
2,5.9,-0.0666507
2,6,-0.0650511
2,6.1,-0.0641408
2,6.2,-0.0638263
2,6.3,-0.0640059
2,6.4,-0.0645763
2,6.5,-0.0654381
2,6.6,-0.0665004
2,6.7,-0.0676847
2,6.8,-0.0689269
2,6.9,-0.0701783
2,7,-0.0714054
2.1,2,-0.05
2.1,2.1,-0.05
2.1,2.2,-0.05
2.1,2.3,-0.05
2.1,2.4,-0.05
2.1,2.5,-0.05
2.1,2.6,-0.0566692
2.1,2.7,-0.0823864
2.1,2.8,-0.10261
2.1,2.9,-0.118646
2.1,3,-0.131476
2.1,3.1,-0.141829
2.1,3.2,-0.150235
2.1,3.3,-0.15707
2.1,3.4,-0.162591
2.1,3.5,-0.166963
2.1,3.6,-0.170288
2.1,3.7,-0.172618
2.1,3.8,-0.173972
2.1,3.9,-0.174353
2.1,4,-0.173754
2.1,4.1,-0.172172
2.1,4.2,-0.16961
2.1,4.3,-0.166088
2.1,4.4,-0.161644
2.1,4.5,-0.156339
2.1,4.6,-0.150256
2.1,4.7,-0.143503
2.1,4.8,-0.136207
2.1,4.9,-0.128515
2.1,5,-0.120588
2.1,5.1,-0.112593
2.1,5.2,-0.1047
2.1,5.3,-0.0970735
2.1,5.4,-0.089866
2.1,5.5,-0.0832113
2.1,5.6,-0.0772193
2.1,5.7,-0.0719719
2.1,5.8,-0.0675198
2.1,5.9,-0.0638825
2.1,6,-0.0610489
2.1,6.1,-0.0589801
2.1,6.2,-0.0576137
2.1,6.3,-0.0568692
2.1,6.4,-0.0566545
2.1,6.5,-0.0568713
2.1,6.6,-0.0574222
2.1,6.7,-0.0582149
2.1,6.8,-0.0591674
2.1,6.9,-0.0602102
2.1,7,-0.0612888
2.2,2,-0.05
2.2,2.1,-0.05
2.2,2.2,-0.05
2.2,2.3,-0.05
2.2,2.4,-0.05
2.2,2.5,-0.05
2.2,2.6,-0.05
2.2,2.7,-0.07192
2.2,2.8,-0.0931683
2.2,2.9,-0.109372
2.2,3,-0.121811
2.2,3.1,-0.131448
2.2,3.2,-0.138997
2.2,3.3,-0.144977
2.2,3.4,-0.149752
2.2,3.5,-0.15357
2.2,3.6,-0.156587
2.2,3.7,-0.15889
2.2,3.8,-0.160516
2.2,3.9,-0.161467
2.2,4,-0.161724
2.2,4.1,-0.161254
2.2,4.2,-0.160025
2.2,4.3,-0.158006
2.2,4.4,-0.155182
2.2,4.5,-0.151552
2.2,4.6,-0.147137
2.2,4.7,-0.141981
2.2,4.8,-0.136151
2.2,4.9,-0.129738
2.2,5,-0.122858
2.2,5.1,-0.115641
2.2,5.2,-0.108235
2.2,5.3,-0.100793
2.2,5.4,-0.0934748
2.2,5.5,-0.0864306
2.2,5.6,-0.0798015
2.2,5.7,-0.07371
2.2,5.8,-0.0682552
2.2,5.9,-0.0635087
2.2,6,-0.0595127
2.2,6.1,-0.0562786
2.2,6.2,-0.0537892
2.2,6.3,-0.0520012
2.2,6.4,-0.0508502
2.2,6.5,-0.0502556
2.2,6.6,-0.0501276
2.2,6.7,-0.0503724
2.2,6.8,-0.0508987
2.2,6.9,-0.0516222
2.2,7,-0.0524694
2.3,2,-0.05
2.3,2.1,-0.05
2.3,2.2,-0.05
2.3,2.3,-0.05
2.3,2.4,-0.05
2.3,2.5,-0.05
2.3,2.6,-0.05
2.3,2.7,-0.0604431
2.3,2.8,-0.0841492
2.3,2.9,-0.101527
2.3,3,-0.114226
2.3,3.1,-0.123505
2.3,3.2,-0.13031
2.3,3.3,-0.135344
2.3,3.4,-0.139119
2.3,3.5,-0.141994
2.3,3.6,-0.144212
2.3,3.7,-0.145926
2.3,3.8,-0.147216
2.3,3.9,-0.148113
2.3,4,-0.14861
2.3,4.1,-0.148672
2.3,4.2,-0.148251
2.3,4.3,-0.147292
2.3,4.4,-0.145741
2.3,4.5,-0.143552
2.3,4.6,-0.140693
2.3,4.7,-0.137148
2.3,4.8,-0.132924
2.3,4.9,-0.128051
2.3,5,-0.122584
2.3,5.1,-0.116602
2.3,5.2,-0.110207
2.3,5.3,-0.103518
2.3,5.4,-0.0966705
2.3,5.5,-0.0898083
2.3,5.6,-0.0830774
2.3,5.7,-0.0766194
2.3,5.8,-0.0705644
2.3,5.9,-0.0650251
2.3,6,-0.0600913
2.3,6.1,-0.055826
2.3,6.2,-0.0522636
2.3,6.3,-0.05
2.3,6.4,-0.05
2.3,6.5,-0.05
2.3,6.6,-0.05
2.3,6.7,-0.05
2.3,6.8,-0.05
2.3,6.9,-0.05
2.3,7,-0.05
2.4,2,-0.05
2.4,2.1,-0.05
2.4,2.2,-0.05
2.4,2.3,-0.05
2.4,2.4,-0.05
2.4,2.5,-0.05
2.4,2.6,-0.05
2.4,2.7,-0.05
2.4,2.8,-0.0743376
2.4,2.9,-0.0943566
2.4,3,-0.108377
2.4,3.1,-0.118018
2.4,3.2,-0.124516
2.4,3.3,-0.128804
2.4,3.4,-0.131575
2.4,3.5,-0.133336
2.4,3.6,-0.134444
2.4,3.7,-0.135144
2.4,3.8,-0.135586
2.4,3.9,-0.135854
2.4,4,-0.135976
2.4,4.1,-0.135941
2.4,4.2,-0.13571
2.4,4.3,-0.135225
2.4,4.4,-0.134417
2.4,4.5,-0.133216
2.4,4.6,-0.131553
2.4,4.7,-0.129369
2.4,4.8,-0.126621
2.4,4.9,-0.123283
2.4,5,-0.119349
2.4,5.1,-0.114839
2.4,5.2,-0.109797
2.4,5.3,-0.104292
2.4,5.4,-0.0984136
2.4,5.5,-0.0922727
2.4,5.6,-0.0859938
2.4,5.7,-0.0797108
2.4,5.8,-0.0735601
2.4,5.9,-0.0676741
2.4,6,-0.062174
2.4,6.1,-0.0571637
2.4,6.2,-0.052725
2.4,6.3,-0.05
2.4,6.4,-0.05
2.4,6.5,-0.05
2.4,6.6,-0.05
2.4,6.7,-0.05
2.4,6.8,-0.05
2.4,6.9,-0.05
2.4,7,-0.05
2.5,2,-0.05
2.5,2.1,-0.05
2.5,2.2,-0.05
2.5,2.3,-0.05
2.5,2.4,-0.05
2.5,2.5,-0.05
2.5,2.6,-0.05
2.5,2.7,-0.05
2.5,2.8,-0.061791
2.5,2.9,-0.086412
2.5,3,-0.103245
2.5,3.1,-0.114355
2.5,3.2,-0.121332
2.5,3.3,-0.125388
2.5,3.4,-0.127443
2.5,3.5,-0.128181
2.5,3.6,-0.128105
2.5,3.7,-0.127573
2.5,3.8,-0.126829
2.5,3.9,-0.126031
2.5,4,-0.125263
2.5,4.1,-0.124558
2.5,4.2,-0.123909
2.5,4.3,-0.123275
2.5,4.4,-0.122597
2.5,4.5,-0.1218
2.5,4.6,-0.120803
2.5,4.7,-0.119523
2.5,4.8,-0.117883
2.5,4.9,-0.115817
2.5,5,-0.11327
2.5,5.1,-0.110209
2.5,5.2,-0.106619
2.5,5.3,-0.102513
2.5,5.4,-0.0979236
2.5,5.5,-0.092911
2.5,5.6,-0.0875564
2.5,5.7,-0.081961
2.5,5.8,-0.0762405
2.5,5.9,-0.0705204
2.5,6,-0.0649285
2.5,6.1,-0.059589
2.5,6.2,-0.0546151
2.5,6.3,-0.0501031
2.5,6.4,-0.05
2.5,6.5,-0.05
2.5,6.6,-0.05
2.5,6.7,-0.05
2.5,6.8,-0.05
2.5,6.9,-0.05
2.5,7,-0.05
2.6,2,-0.05
2.6,2.1,-0.05
2.6,2.2,-0.05
2.6,2.3,-0.05
2.6,2.4,-0.05
2.6,2.5,-0.05
2.6,2.6,-0.05
2.6,2.7,-0.05
2.6,2.8,-0.05
2.6,2.9,-0.0755994
2.6,3,-0.0971922
2.6,3.1,-0.111275
2.6,3.2,-0.11987
2.6,3.3,-0.124534
2.6,3.4,-0.126458
2.6,3.5,-0.126544
2.6,3.6,-0.125468
2.6,3.7,-0.123729
2.6,3.8,-0.121684
2.6,3.9,-0.119581
2.6,4,-0.11758
2.6,4.1,-0.115775
2.6,4.2,-0.114204
2.6,4.3,-0.112865
2.6,4.4,-0.111724
2.6,4.5,-0.110724
2.6,4.6,-0.109791
2.6,4.7,-0.10884
2.6,4.8,-0.107782
2.6,4.9,-0.106528
2.6,5,-0.104996
2.6,5.1,-0.103111
2.6,5.2,-0.100816
2.6,5.3,-0.0980677
2.6,5.4,-0.0948471
2.6,5.5,-0.0911569
2.6,5.6,-0.0870239
2.6,5.7,-0.0824995
2.6,5.8,-0.077657
2.6,5.9,-0.0725895
2.6,6,-0.0674049
2.6,6.1,-0.0622207
2.6,6.2,-0.0571574
2.6,6.3,-0.0523318
2.6,6.4,-0.05
2.6,6.5,-0.05
2.6,6.6,-0.05
2.6,6.7,-0.05
2.6,6.8,-0.05
2.6,6.9,-0.05
2.6,7,-0.05
2.7,2,-0.05
2.7,2.1,-0.05
2.7,2.2,-0.05
2.7,2.3,-0.05
2.7,2.4,-0.05
2.7,2.5,-0.05
2.7,2.6,-0.05
2.7,2.7,-0.05
2.7,2.8,-0.05
2.7,2.9,-0.0592358
2.7,3,-0.088029
2.7,3.1,-0.107004
2.7,3.2,-0.118719
2.7,3.3,-0.12515
2.7,3.4,-0.12782
2.7,3.5,-0.127897
2.7,3.6,-0.126264
2.7,3.7,-0.123588
2.7,3.8,-0.12036
2.7,3.9,-0.116938
2.7,4,-0.113571
2.7,4.1,-0.110425
2.7,4.2,-0.1076
2.7,4.3,-0.105142
2.7,4.4,-0.103059
2.7,4.5,-0.101324
2.7,4.6,-0.0998873
2.7,4.7,-0.0986799
2.7,4.8,-0.0976202
2.7,4.9,-0.0966183
2.7,5,-0.0955813
2.7,5.1,-0.094417
2.7,5.2,-0.093039
2.7,5.3,-0.0913703
2.7,5.4,-0.0893474
2.7,5.5,-0.0869242
2.7,5.6,-0.0840748
2.7,5.7,-0.0807956
2.7,5.8,-0.0771071
2.7,5.9,-0.073053
2.7,6,-0.0686998
2.7,6.1,-0.0641331
2.7,6.2,-0.0594537
2.7,6.3,-0.0547723
2.7,6.4,-0.0502026
2.7,6.5,-0.05
2.7,6.6,-0.05
2.7,6.7,-0.05
2.7,6.8,-0.05
2.7,6.9,-0.05
2.7,7,-0.05
2.8,2,-0.05
2.8,2.1,-0.05
2.8,2.2,-0.05
2.8,2.3,-0.05
2.8,2.4,-0.05
2.8,2.5,-0.05
2.8,2.6,-0.05
2.8,2.7,-0.05
2.8,2.8,-0.05
2.8,2.9,-0.05
2.8,3,-0.0730696
2.8,3.1,-0.0993136
2.8,3.2,-0.116026
2.8,3.3,-0.125706
2.8,3.4,-0.130284
2.8,3.5,-0.131251
2.8,3.6,-0.129744
2.8,3.7,-0.12663
2.8,3.8,-0.122562
2.8,3.9,-0.118025
2.8,4,-0.113372
2.8,4.1,-0.108853
2.8,4.2,-0.10464
2.8,4.3,-0.100837
2.8,4.4,-0.0974996
2.8,4.5,-0.0946442
2.8,4.6,-0.0922546
2.8,4.7,-0.0902903
2.8,4.8,-0.0886913
2.8,4.9,-0.087383
2.8,5,-0.0862804
2.8,5.1,-0.085292
2.8,5.2,-0.0843238
2.8,5.3,-0.0832828
2.8,5.4,-0.082081
2.8,5.5,-0.0806396
2.8,5.6,-0.0788924
2.8,5.7,-0.0767892
2.8,5.8,-0.0742996
2.8,5.9,-0.0714145
2.8,6,-0.0681483
2.8,6.1,-0.0645384
2.8,6.2,-0.0606447
2.8,6.3,-0.0565461
2.8,6.4,-0.0523372
2.8,6.5,-0.05
2.8,6.6,-0.05
2.8,6.7,-0.05
2.8,6.8,-0.05
2.8,6.9,-0.05
2.8,7,-0.05
2.9,2,-0.05
2.9,2.1,-0.05
2.9,2.2,-0.05
2.9,2.3,-0.05
2.9,2.4,-0.05
2.9,2.5,-0.05
2.9,2.6,-0.05
2.9,2.7,-0.05
2.9,2.8,-0.05
2.9,2.9,-0.05
2.9,3,-0.05
2.9,3.1,-0.0855644
2.9,3.2,-0.109578
2.9,3.3,-0.124332
2.9,3.4,-0.132268
2.9,3.5,-0.135271
2.9,3.6,-0.134793
2.9,3.7,-0.131946
2.9,3.8,-0.127576
2.9,3.9,-0.122319
2.9,4,-0.116652
2.9,4.1,-0.110922
2.9,4.2,-0.10538
2.9,4.3,-0.100197
2.9,4.4,-0.0954837
2.9,4.5,-0.0913027
2.9,4.6,-0.0876788
2.9,4.7,-0.0846062
2.9,4.8,-0.0820551
2.9,4.9,-0.0799762
2.9,5,-0.0783051
2.9,5.1,-0.0769653
2.9,5.2,-0.0758719
2.9,5.3,-0.0749343
2.9,5.4,-0.0740596
2.9,5.5,-0.0731558
2.9,5.6,-0.0721352
2.9,5.7,-0.0709183
2.9,5.8,-0.0694371
2.9,5.9,-0.0676387
2.9,6,-0.0654886
2.9,6.1,-0.0629732
2.9,6.2,-0.0601012
2.9,6.3,-0.0569046
2.9,6.4,-0.0534368
2.9,6.5,-0.05
2.9,6.6,-0.05
2.9,6.7,-0.05
2.9,6.8,-0.05
2.9,6.9,-0.05
2.9,7,-0.05
3,2,-0.05
3,2.1,-0.05
3,2.2,-0.05
3,2.3,-0.05
3,2.4,-0.05
3,2.5,-0.05
3,2.6,-0.05
3,2.7,-0.05
3,2.8,-0.05
3,2.9,-0.05
3,3,-0.05
3,3.1,-0.0626968
3,3.2,-0.0968239
3,3.3,-0.118877
3,3.4,-0.131934
3,3.5,-0.138377
3,3.6,-0.140046
3,3.7,-0.138356
3,3.8,-0.13439
3,3.9,-0.128971
3,4,-0.12272
3,4.1,-0.1161
3,4.2,-0.109454
3,4.3,-0.103026
3,4.4,-0.0969888
3,4.5,-0.0914553
3,4.6,-0.0864937
3,4.7,-0.082136
3,4.8,-0.0783856
3,4.9,-0.0752233
3,5,-0.0726109
3,5.1,-0.0704954
3,5.2,-0.0688114
3,5.3,-0.0674836
3,5.4,-0.0664295
3,5.5,-0.0655614
3,5.6,-0.0647894
3,5.7,-0.0640237
3,5.8,-0.0631782
3,5.9,-0.0621736
3,6,-0.0609411
3,6.1,-0.0594258
3,6.2,-0.0575899
3,6.3,-0.0554157
3,6.4,-0.052907
3,6.5,-0.0500902
3,6.6,-0.05
3,6.7,-0.05
3,6.8,-0.05
3,6.9,-0.05
3,7,-0.05
3.1,2,-0.05
3.1,2.1,-0.05
3.1,2.2,-0.05
3.1,2.3,-0.05
3.1,2.4,-0.05
3.1,2.5,-0.05
3.1,2.6,-0.05
3.1,2.7,-0.05
3.1,2.8,-0.05
3.1,2.9,-0.05
3.1,3,-0.05
3.1,3.1,-0.05
3.1,3.2,-0.0748393
3.1,3.3,-0.106909
3.1,3.4,-0.12723
3.1,3.5,-0.13881
3.1,3.6,-0.143975
3.1,3.7,-0.144519
3.1,3.8,-0.14182
3.1,3.9,-0.136932
3.1,4,-0.130654
3.1,4.1,-0.123589
3.1,4.2,-0.116188
3.1,4.3,-0.108782
3.1,4.4,-0.101612
3.1,4.5,-0.0948476
3.1,4.6,-0.0886016
3.1,4.7,-0.0829453
3.1,4.8,-0.0779162
3.1,4.9,-0.073525
3.1,5,-0.0697616
3.1,5.1,-0.0665982
3.1,5.2,-0.0639931
3.1,5.3,-0.0618927
3.1,5.4,-0.0602334
3.1,5.5,-0.0589433
3.1,5.6,-0.057944
3.1,5.7,-0.0571521
3.1,5.8,-0.0564818
3.1,5.9,-0.0558467
3.1,6,-0.0551632
3.1,6.1,-0.0543532
3.1,6.2,-0.0533477
3.1,6.3,-0.0520903
3.1,6.4,-0.0505408
3.1,6.5,-0.05
3.1,6.6,-0.05
3.1,6.7,-0.05
3.1,6.8,-0.05
3.1,6.9,-0.05
3.1,7,-0.05
3.2,2,-0.05
3.2,2.1,-0.05
3.2,2.2,-0.05
3.2,2.3,-0.05
3.2,2.4,-0.05
3.2,2.5,-0.05
3.2,2.6,-0.05
3.2,2.7,-0.05
3.2,2.8,-0.05
3.2,2.9,-0.05
3.2,3,-0.05
3.2,3.1,-0.05
3.2,3.2,-0.05
3.2,3.3,-0.0856516
3.2,3.4,-0.115864
3.2,3.5,-0.134644
3.2,3.6,-0.144932
3.2,3.7,-0.148999
3.2,3.8,-0.148595
3.2,3.9,-0.145062
3.2,4,-0.139422
3.2,4.1,-0.132453
3.2,4.2,-0.124738
3.2,4.3,-0.116713
3.2,4.4,-0.1087
3.2,4.5,-0.10093
3.2,4.6,-0.0935693
3.2,4.7,-0.0867287
3.2,4.8,-0.0804799
3.2,4.9,-0.0748634
3.2,5,-0.0698951
3.2,5.1,-0.0655714
3.2,5.2,-0.0618737
3.2,5.3,-0.0587702
3.2,5.4,-0.0562185
3.2,5.5,-0.0541668
3.2,5.6,-0.0525551
3.2,5.7,-0.0513163
3.2,5.8,-0.0503774
3.2,5.9,-0.05
3.2,6,-0.05
3.2,6.1,-0.05
3.2,6.2,-0.05
3.2,6.3,-0.05
3.2,6.4,-0.05
3.2,6.5,-0.05
3.2,6.6,-0.05
3.2,6.7,-0.05
3.2,6.8,-0.05
3.2,6.9,-0.05
3.2,7,-0.05
3.3,2,-0.05
3.3,2.1,-0.05
3.3,2.2,-0.05
3.3,2.3,-0.05
3.3,2.4,-0.05
3.3,2.5,-0.05
3.3,2.6,-0.05
3.3,2.7,-0.05
3.3,2.8,-0.05
3.3,2.9,-0.05
3.3,3,-0.05
3.3,3.1,-0.05
3.3,3.2,-0.05
3.3,3.3,-0.0518437
3.3,3.4,-0.095208
3.3,3.5,-0.123732
3.3,3.6,-0.141131
3.3,3.7,-0.15028
3.3,3.8,-0.153399
3.3,3.9,-0.152194
3.3,4,-0.147971
3.3,4.1,-0.141725
3.3,4.2,-0.134209
3.3,4.3,-0.125987
3.3,4.4,-0.11748
3.3,4.5,-0.108998
3.3,4.6,-0.100763
3.3,4.7,-0.0929345
3.3,4.8,-0.08562
3.3,4.9,-0.0788894
3.3,5,-0.0727836
3.3,5.1,-0.067321
3.3,5.2,-0.0625029
3.3,5.3,-0.0583166
3.3,5.4,-0.0547386
3.3,5.5,-0.0517361
3.3,5.6,-0.05
3.3,5.7,-0.05
3.3,5.8,-0.05
3.3,5.9,-0.05
3.3,6,-0.05
3.3,6.1,-0.05
3.3,6.2,-0.05
3.3,6.3,-0.05
3.3,6.4,-0.05
3.3,6.5,-0.05
3.3,6.6,-0.05
3.3,6.7,-0.05
3.3,6.8,-0.05
3.3,6.9,-0.05
3.3,7,-0.05
3.4,2,-0.05
3.4,2.1,-0.05
3.4,2.2,-0.05
3.4,2.3,-0.05
3.4,2.4,-0.05
3.4,2.5,-0.05
3.4,2.6,-0.05
3.4,2.7,-0.05
3.4,2.8,-0.05
3.4,2.9,-0.05
3.4,3,-0.05
3.4,3.1,-0.05
3.4,3.2,-0.05
3.4,3.3,-0.05
3.4,3.4,-0.0621441
3.4,3.5,-0.103587
3.4,3.6,-0.130565
3.4,3.7,-0.146715
3.4,3.8,-0.154853
3.4,3.9,-0.157146
3.4,4,-0.15526
3.4,4.1,-0.150467
3.4,4.2,-0.143733
3.4,4.3,-0.135789
3.4,4.4,-0.127181
3.4,4.5,-0.118313
3.4,4.6,-0.109483
3.4,4.7,-0.100905
3.4,4.8,-0.0927285
3.4,4.9,-0.0850563
3.4,5,-0.077955
3.4,5.1,-0.0714637
3.4,5.2,-0.0656012
3.4,5.3,-0.0603707
3.4,5.4,-0.0557635
3.4,5.5,-0.0517616
3.4,5.6,-0.05
3.4,5.7,-0.05
3.4,5.8,-0.05
3.4,5.9,-0.05
3.4,6,-0.05
3.4,6.1,-0.05
3.4,6.2,-0.05
3.4,6.3,-0.05
3.4,6.4,-0.05
3.4,6.5,-0.05
3.4,6.6,-0.05
3.4,6.7,-0.05
3.4,6.8,-0.05
3.4,6.9,-0.05
3.4,7,-0.05
3.5,2,-0.05
3.5,2.1,-0.05
3.5,2.2,-0.05
3.5,2.3,-0.05
3.5,2.4,-0.05
3.5,2.5,-0.05
3.5,2.6,-0.05
3.5,2.7,-0.05
3.5,2.8,-0.05
3.5,2.9,-0.05
3.5,3,-0.05
3.5,3.1,-0.05
3.5,3.2,-0.05
3.5,3.3,-0.05
3.5,3.4,-0.05
3.5,3.5,-0.0712215
3.5,3.6,-0.110877
3.5,3.7,-0.13643
3.5,3.8,-0.151443
3.5,3.9,-0.158673
3.5,4,-0.160239
3.5,4.1,-0.157768
3.5,4.2,-0.152499
3.5,4.3,-0.145372
3.5,4.4,-0.137096
3.5,4.5,-0.128199
3.5,4.6,-0.119071
3.5,4.7,-0.109996
3.5,4.8,-0.101177
3.5,4.9,-0.0927578
3.5,5,-0.0848334
3.5,5.1,-0.0774657
3.5,5.2,-0.0706906
3.5,5.3,-0.0645252
3.5,5.4,-0.0589724
3.5,5.5,-0.0540252
3.5,5.6,-0.05
3.5,5.7,-0.05
3.5,5.8,-0.05
3.5,5.9,-0.05
3.5,6,-0.05
3.5,6.1,-0.05
3.5,6.2,-0.05
3.5,6.3,-0.05
3.5,6.4,-0.05
3.5,6.5,-0.05
3.5,6.6,-0.05
3.5,6.7,-0.05
3.5,6.8,-0.05
3.5,6.9,-0.05
3.5,7,-0.05
3.6,2,-0.05
3.6,2.1,-0.05
3.6,2.2,-0.05
3.6,2.3,-0.05
3.6,2.4,-0.05
3.6,2.5,-0.05
3.6,2.6,-0.05
3.6,2.7,-0.05
3.6,2.8,-0.05
3.6,2.9,-0.05
3.6,3,-0.05
3.6,3.1,-0.05
3.6,3.2,-0.05
3.6,3.3,-0.05
3.6,3.4,-0.05
3.6,3.5,-0.05
3.6,3.6,-0.0791923
3.6,3.7,-0.117177
3.6,3.8,-0.141408
3.6,3.9,-0.155379
3.6,4,-0.161786
3.6,4.1,-0.162705
3.6,4.2,-0.159724
3.6,4.3,-0.154052
3.6,4.4,-0.146605
3.6,4.5,-0.138071
3.6,4.6,-0.12896
3.6,4.7,-0.119649
3.6,4.8,-0.11041
3.6,4.9,-0.101436
3.6,5,-0.0928614
3.6,5.1,-0.084775
3.6,5.2,-0.077233
3.6,5.3,-0.070267
3.6,5.4,-0.0638908
3.6,5.5,-0.0581057
3.6,5.6,-0.052904
3.6,5.7,-0.05
3.6,5.8,-0.05
3.6,5.9,-0.05
3.6,6,-0.05
3.6,6.1,-0.05
3.6,6.2,-0.05
3.6,6.3,-0.05
3.6,6.4,-0.05
3.6,6.5,-0.05
3.6,6.6,-0.05
3.6,6.7,-0.05
3.6,6.8,-0.05
3.6,6.9,-0.05
3.6,7,-0.05
3.7,2,-0.05
3.7,2.1,-0.05
3.7,2.2,-0.05
3.7,2.3,-0.05
3.7,2.4,-0.05
3.7,2.5,-0.05
3.7,2.6,-0.05
3.7,2.7,-0.05
3.7,2.8,-0.05
3.7,2.9,-0.05
3.7,3,-0.05
3.7,3.1,-0.05
3.7,3.2,-0.05
3.7,3.3,-0.05
3.7,3.4,-0.05
3.7,3.5,-0.05
3.7,3.6,-0.05
3.7,3.7,-0.0861788
3.7,3.8,-0.122593
3.7,3.9,-0.145593
3.7,4,-0.1586
3.7,4.1,-0.164256
3.7,4.2,-0.164592
3.7,4.3,-0.16116
3.7,4.4,-0.155141
3.7,4.5,-0.147429
3.7,4.6,-0.138691
3.7,4.7,-0.129423
3.7,4.8,-0.119987
3.7,4.9,-0.110644
3.7,5,-0.10158
3.7,5.1,-0.0929181
3.7,5.2,-0.0847421
3.7,5.3,-0.0771018
3.7,5.4,-0.070024
3.7,5.5,-0.0635186
3.7,5.6,-0.0575837
3.7,5.7,-0.0522097
3.7,5.8,-0.05
3.7,5.9,-0.05
3.7,6,-0.05
3.7,6.1,-0.05
3.7,6.2,-0.05
3.7,6.3,-0.05
3.7,6.4,-0.05
3.7,6.5,-0.05
3.7,6.6,-0.05
3.7,6.7,-0.05
3.7,6.8,-0.05
3.7,6.9,-0.05
3.7,7,-0.05
3.8,2,-0.05
3.8,2.1,-0.05
3.8,2.2,-0.05
3.8,2.3,-0.05
3.8,2.4,-0.05
3.8,2.5,-0.05
3.8,2.6,-0.05
3.8,2.7,-0.05
3.8,2.8,-0.05
3.8,2.9,-0.05
3.8,3,-0.05
3.8,3.1,-0.05
3.8,3.2,-0.05
3.8,3.3,-0.05
3.8,3.4,-0.05
3.8,3.5,-0.05
3.8,3.6,-0.05
3.8,3.7,-0.05
3.8,3.8,-0.0923072
3.8,3.9,-0.12724
3.8,4,-0.149085
3.8,4.1,-0.161197
3.8,4.2,-0.166161
3.8,4.3,-0.165965
3.8,4.4,-0.162129
3.8,4.5,-0.155807
3.8,4.6,-0.147869
3.8,4.7,-0.138966
3.8,4.8,-0.129579
3.8,4.9,-0.120059
3.8,5,-0.110656
3.8,5.1,-0.101547
3.8,5.2,-0.092848
3.8,5.3,-0.0846364
3.8,5.4,-0.0769563
3.8,5.5,-0.0698294
3.8,5.6,-0.0632615
3.8,5.7,-0.0572472
3.8,5.8,-0.0517736
3.8,5.9,-0.05
3.8,6,-0.05
3.8,6.1,-0.05
3.8,6.2,-0.05
3.8,6.3,-0.05
3.8,6.4,-0.05
3.8,6.5,-0.05
3.8,6.6,-0.05
3.8,6.7,-0.05
3.8,6.8,-0.05
3.8,6.9,-0.05
3.8,7,-0.05
3.9,2,-0.05
3.9,2.1,-0.05
3.9,2.2,-0.05
3.9,2.3,-0.05
3.9,2.4,-0.05
3.9,2.5,-0.05
3.9,2.6,-0.05
3.9,2.7,-0.05
3.9,2.8,-0.05
3.9,2.9,-0.05
3.9,3,-0.05
3.9,3.1,-0.05
3.9,3.2,-0.05
3.9,3.3,-0.05
3.9,3.4,-0.05
3.9,3.5,-0.05
3.9,3.6,-0.05
3.9,3.7,-0.05
3.9,3.8,-0.05
3.9,3.9,-0.097704
3.9,4,-0.131228
3.9,4.1,-0.151986
3.9,4.2,-0.16326
3.9,4.3,-0.167583
3.9,4.4,-0.1669
3.9,4.5,-0.162698
3.9,4.6,-0.156104
3.9,4.7,-0.14797
3.9,4.8,-0.13893
3.9,4.9,-0.129451
3.9,5,-0.119873
3.9,5.1,-0.110437
3.9,5.2,-0.101313
3.9,5.3,-0.0926102
3.9,5.4,-0.0843998
3.9,5.5,-0.0767209
3.9,5.6,-0.0695907
3.9,5.7,-0.0630107
3.9,5.8,-0.0569718
3.9,5.9,-0.0514579
3.9,6,-0.05
3.9,6.1,-0.05
3.9,6.2,-0.05
3.9,6.3,-0.05
3.9,6.4,-0.05
3.9,6.5,-0.05
3.9,6.6,-0.05
3.9,6.7,-0.05
3.9,6.8,-0.05
3.9,6.9,-0.05
3.9,7,-0.05
4,2,-0.05
4,2.1,-0.05
4,2.2,-0.05
4,2.3,-0.05
4,2.4,-0.05
4,2.5,-0.05
4,2.6,-0.05
4,2.7,-0.05
4,2.8,-0.05
4,2.9,-0.05
4,3,-0.05
4,3.1,-0.05
4,3.2,-0.05
4,3.3,-0.05
4,3.4,-0.05
4,3.5,-0.05
4,3.6,-0.05
4,3.7,-0.05
4,3.8,-0.05
4,3.9,-0.0537216
4,4,-0.102492
4,4.1,-0.13467
4,4.2,-0.154396
4,4.3,-0.164883
4,4.4,-0.168608
4,4.5,-0.167475
4,4.6,-0.162937
4,4.7,-0.156099
4,4.8,-0.147791
4,4.9,-0.138632
4,5,-0.129078
4,5.1,-0.119458
4,5.2,-0.110007
4,5.3,-0.100884
4,5.4,-0.0921969
4,5.5,-0.0840098
4,5.6,-0.0763577
4,5.7,-0.0692539
4,5.8,-0.062696
4,5.9,-0.0566716
4,6,-0.0511613
4,6.1,-0.05
4,6.2,-0.05
4,6.3,-0.05
4,6.4,-0.05
4,6.5,-0.05
4,6.6,-0.05
4,6.7,-0.05
4,6.8,-0.05
4,6.9,-0.05
4,7,-0.05
4.1,2,-0.05
4.1,2.1,-0.05
4.1,2.2,-0.05
4.1,2.3,-0.05
4.1,2.4,-0.05
4.1,2.5,-0.05
4.1,2.6,-0.05
4.1,2.7,-0.05
4.1,2.8,-0.05
4.1,2.9,-0.05
4.1,3,-0.05
4.1,3.1,-0.05
4.1,3.2,-0.05
4.1,3.3,-0.05
4.1,3.4,-0.05
4.1,3.5,-0.05
4.1,3.6,-0.05
4.1,3.7,-0.05
4.1,3.8,-0.05
4.1,3.9,-0.05
4.1,4,-0.0597298
4.1,4.1,-0.106789
4.1,4.2,-0.137667
4.1,4.3,-0.156408
4.1,4.4,-0.16615
4.1,4.5,-0.169315
4.1,4.6,-0.167764
4.1,4.7,-0.162919
4.1,4.8,-0.155858
4.1,4.9,-0.147394
4.1,5,-0.13813
4.1,5.1,-0.128512
4.1,5.2,-0.11886
4.1,5.3,-0.1094
4.1,5.4,-0.100288
4.1,5.5,-0.0916253
4.1,5.6,-0.0834722
4.1,5.7,-0.07586
4.1,5.8,-0.0687987
4.1,5.9,-0.0622828
4.1,6,-0.056297
4.1,6.1,-0.050819
4.1,6.2,-0.05
4.1,6.3,-0.05
4.1,6.4,-0.05
4.1,6.5,-0.05
4.1,6.6,-0.05
4.1,6.7,-0.05
4.1,6.8,-0.05
4.1,6.9,-0.05
4.1,7,-0.05
4.2,2,-0.05
4.2,2.1,-0.05
4.2,2.2,-0.05
4.2,2.3,-0.05
4.2,2.4,-0.05
4.2,2.5,-0.05
4.2,2.6,-0.05
4.2,2.7,-0.05
4.2,2.8,-0.05
4.2,2.9,-0.05
4.2,3,-0.05
4.2,3.1,-0.05
4.2,3.2,-0.05
4.2,3.3,-0.05
4.2,3.4,-0.05
4.2,3.5,-0.05
4.2,3.6,-0.05
4.2,3.7,-0.05
4.2,3.8,-0.05
4.2,3.9,-0.05
4.2,4,-0.05
4.2,4.1,-0.065329
4.2,4.2,-0.110703
4.2,4.3,-0.140314
4.2,4.4,-0.158105
4.2,4.5,-0.167137
4.2,4.6,-0.169775
4.2,4.7,-0.167834
4.2,4.8,-0.162705
4.2,4.9,-0.155442
4.2,5,-0.146837
4.2,5.1,-0.13748
4.2,5.2,-0.127806
4.2,5.3,-0.118127
4.2,5.4,-0.108663
4.2,5.5,-0.099565
4.2,5.6,-0.0909289
4.2,5.7,-0.0828125
4.2,5.8,-0.0752442
4.2,5.9,-0.0682312
4.2,6,-0.0617658
4.2,6.1,-0.0558303
4.2,6.2,-0.0504001
4.2,6.3,-0.05
4.2,6.4,-0.05
4.2,6.5,-0.05
4.2,6.6,-0.05
4.2,6.7,-0.05
4.2,6.8,-0.05
4.2,6.9,-0.05
4.2,7,-0.05
4.3,2,-0.05
4.3,2.1,-0.05
4.3,2.2,-0.05
4.3,2.3,-0.05
4.3,2.4,-0.05
4.3,2.5,-0.05
4.3,2.6,-0.05
4.3,2.7,-0.05
4.3,2.8,-0.05
4.3,2.9,-0.05
4.3,3,-0.05
4.3,3.1,-0.05
4.3,3.2,-0.05
4.3,3.3,-0.05
4.3,3.4,-0.05
4.3,3.5,-0.05
4.3,3.6,-0.05
4.3,3.7,-0.05
4.3,3.8,-0.05
4.3,3.9,-0.05
4.3,4,-0.05
4.3,4.1,-0.05
4.3,4.2,-0.0706366
4.3,4.3,-0.114333
4.3,4.4,-0.142695
4.3,4.5,-0.15956
4.3,4.6,-0.16791
4.3,4.7,-0.170046
4.3,4.8,-0.167741
4.3,4.9,-0.162351
4.3,5,-0.154903
4.3,5.1,-0.146172
4.3,5.2,-0.136733
4.3,5.3,-0.127011
4.3,5.4,-0.11731
4.3,5.5,-0.107844
4.3,5.6,-0.0987589
4.3,5.7,-0.0901484
4.3,5.8,-0.082067
4.3,5.9,-0.0745409
4.3,6,-0.0675753
4.3,6.1,-0.0611608
4.3,6.2,-0.0552779
4.3,6.3,-0.05
4.3,6.4,-0.05
4.3,6.5,-0.05
4.3,6.6,-0.05
4.3,6.7,-0.05
4.3,6.8,-0.05
4.3,6.9,-0.05
4.3,7,-0.05
4.4,2,-0.05
4.4,2.1,-0.05
4.4,2.2,-0.05
4.4,2.3,-0.05
4.4,2.4,-0.05
4.4,2.5,-0.05
4.4,2.6,-0.05
4.4,2.7,-0.05
4.4,2.8,-0.05
4.4,2.9,-0.05
4.4,3,-0.05
4.4,3.1,-0.05
4.4,3.2,-0.05
4.4,3.3,-0.05
4.4,3.4,-0.05
4.4,3.5,-0.05
4.4,3.6,-0.05
4.4,3.7,-0.05
4.4,3.8,-0.05
4.4,3.9,-0.05
4.4,4,-0.05
4.4,4.1,-0.05
4.4,4.2,-0.05
4.4,4.3,-0.0757578
4.4,4.4,-0.117764
4.4,4.5,-0.144881
4.4,4.6,-0.160835
4.4,4.7,-0.16852
4.4,4.8,-0.170177
4.4,4.9,-0.167529
4.4,5,-0.161897
4.4,5.1,-0.154282
4.4,5.2,-0.145439
4.4,5.3,-0.13593
4.4,5.4,-0.126168
4.4,5.5,-0.116449
4.4,5.6,-0.106983
4.4,5.7,-0.0979118
4.4,5.8,-0.0893248
4.4,5.9,-0.081275
4.4,6,-0.0737868
4.4,6.1,-0.0668639
4.4,6.2,-0.0604959
4.4,6.3,-0.0546622
4.4,6.4,-0.05
4.4,6.5,-0.05
4.4,6.6,-0.05
4.4,6.7,-0.05
4.4,6.8,-0.05
4.4,6.9,-0.05
4.4,7,-0.05
4.5,2,-0.05
4.5,2.1,-0.05
4.5,2.2,-0.05
4.5,2.3,-0.05
4.5,2.4,-0.05
4.5,2.5,-0.05
4.5,2.6,-0.05
4.5,2.7,-0.05
4.5,2.8,-0.05
4.5,2.9,-0.05
4.5,3,-0.05
4.5,3.1,-0.05
4.5,3.2,-0.05
4.5,3.3,-0.05
4.5,3.4,-0.05
4.5,3.5,-0.05
4.5,3.6,-0.05
4.5,3.7,-0.05
4.5,3.8,-0.05
4.5,3.9,-0.05
4.5,4,-0.05
4.5,4.1,-0.05
4.5,4.2,-0.05
4.5,4.3,-0.05
4.5,4.4,-0.080784
4.5,4.5,-0.121072
4.5,4.6,-0.146934
4.5,4.7,-0.161978
4.5,4.8,-0.16901
4.5,4.9,-0.170202
4.5,5,-0.167229
4.5,5.1,-0.161372
4.5,5.2,-0.153607
4.5,5.3,-0.144667
4.5,5.4,-0.135099
4.5,5.5,-0.125306
4.5,5.6,-0.115577
4.5,5.7,-0.106115
4.5,5.8,-0.0970582
4.5,5.9,-0.0884938
4.5,6,-0.0804726
4.5,6.1,-0.0730177
4.5,6.2,-0.066132
4.5,6.3,-0.0598043
4.5,6.4,-0.0540133
4.5,6.5,-0.05
4.5,6.6,-0.05
4.5,6.7,-0.05
4.5,6.8,-0.05
4.5,6.9,-0.05
4.5,7,-0.05
4.6,2,-0.05
4.6,2.1,-0.05
4.6,2.2,-0.05
4.6,2.3,-0.05
4.6,2.4,-0.05
4.6,2.5,-0.05
4.6,2.6,-0.05
4.6,2.7,-0.05
4.6,2.8,-0.05
4.6,2.9,-0.05
4.6,3,-0.05
4.6,3.1,-0.05
4.6,3.2,-0.05
4.6,3.3,-0.05
4.6,3.4,-0.05
4.6,3.5,-0.05
4.6,3.6,-0.05
4.6,3.7,-0.05
4.6,3.8,-0.05
4.6,3.9,-0.05
4.6,4,-0.05
4.6,4.1,-0.05
4.6,4.2,-0.05
4.6,4.3,-0.05
4.6,4.4,-0.05
4.6,4.5,-0.0857911
4.6,4.6,-0.124316
4.6,4.7,-0.148901
4.6,4.8,-0.163027
4.6,4.9,-0.169408
4.6,5,-0.170145
4.6,5.1,-0.16686
4.6,5.2,-0.160794
4.6,5.3,-0.152894
4.6,5.4,-0.143871
4.6,5.5,-0.134259
4.6,5.6,-0.124446
4.6,5.7,-0.114714
4.6,5.8,-0.105262
4.6,5.9,-0.0962227
4.6,6,-0.0876818
4.6,6.1,-0.0796881
4.6,6.2,-0.0722635
4.6,6.3,-0.0654104
4.6,6.4,-0.059117
4.6,6.5,-0.0533621
4.6,6.6,-0.05
4.6,6.7,-0.05
4.6,6.8,-0.05
4.6,6.9,-0.05
4.6,7,-0.05
4.7,2,-0.05
4.7,2.1,-0.05
4.7,2.2,-0.05
4.7,2.3,-0.05
4.7,2.4,-0.05
4.7,2.5,-0.05
4.7,2.6,-0.05
4.7,2.7,-0.05
4.7,2.8,-0.05
4.7,2.9,-0.05
4.7,3,-0.05
4.7,3.1,-0.05
4.7,3.2,-0.05
4.7,3.3,-0.05
4.7,3.4,-0.05
4.7,3.5,-0.05
4.7,3.6,-0.05
4.7,3.7,-0.05
4.7,3.8,-0.05
4.7,3.9,-0.05
4.7,4,-0.05
4.7,4.1,-0.05
4.7,4.2,-0.05
4.7,4.3,-0.05
4.7,4.4,-0.05
4.7,4.5,-0.05
4.7,4.6,-0.090838
4.7,4.7,-0.127546
4.7,4.8,-0.150819
4.7,4.9,-0.164011
4.7,5,-0.169737
4.7,5.1,-0.170022
4.7,5.2,-0.166433
4.7,5.3,-0.160171
4.7,5.4,-0.152149
4.7,5.5,-0.143058
4.7,5.6,-0.133413
4.7,5.7,-0.123592
4.7,5.8,-0.113868
4.7,5.9,-0.104434
4.7,6,-0.0954186
4.7,6.1,-0.0869048
4.7,6.2,-0.07894
4.7,6.3,-0.0715451
4.7,6.4,-0.0647222
4.7,6.5,-0.0584592
4.7,6.6,-0.0527349
4.7,6.7,-0.05
4.7,6.8,-0.05
4.7,6.9,-0.05
4.7,7,-0.05
4.8,2,-0.05
4.8,2.1,-0.05
4.8,2.2,-0.05
4.8,2.3,-0.05
4.8,2.4,-0.05
4.8,2.5,-0.05
4.8,2.6,-0.05
4.8,2.7,-0.05
4.8,2.8,-0.05
4.8,2.9,-0.05
4.8,3,-0.05
4.8,3.1,-0.05
4.8,3.2,-0.05
4.8,3.3,-0.05
4.8,3.4,-0.05
4.8,3.5,-0.05
4.8,3.6,-0.05
4.8,3.7,-0.05
4.8,3.8,-0.05
4.8,3.9,-0.05
4.8,4,-0.05
4.8,4.1,-0.05
4.8,4.2,-0.05
4.8,4.3,-0.05
4.8,4.4,-0.05
4.8,4.5,-0.05
4.8,4.6,-0.05
4.8,4.7,-0.0959657
4.8,4.8,-0.130793
4.8,4.9,-0.152714
4.8,5,-0.164948
4.8,5.1,-0.170006
4.8,5.2,-0.169839
4.8,5.3,-0.165951
4.8,5.4,-0.159501
4.8,5.5,-0.15137
4.8,5.6,-0.142224
4.8,5.7,-0.13256
4.8,5.8,-0.122743
4.8,5.9,-0.113039
4.8,6,-0.103632
4.8,6.1,-0.0946486
4.8,6.2,-0.0861681
4.8,6.3,-0.0782363
4.8,6.4,-0.0708735
4.8,6.5,-0.064081
4.8,6.6,-0.057847
4.8,6.7,-0.0521503
4.8,6.8,-0.05
4.8,6.9,-0.05
4.8,7,-0.05
4.9,2,-0.05
4.9,2.1,-0.05
4.9,2.2,-0.05
4.9,2.3,-0.05
4.9,2.4,-0.05
4.9,2.5,-0.05
4.9,2.6,-0.05
4.9,2.7,-0.05
4.9,2.8,-0.05
4.9,2.9,-0.05
4.9,3,-0.05
4.9,3.1,-0.05
4.9,3.2,-0.05
4.9,3.3,-0.05
4.9,3.4,-0.05
4.9,3.5,-0.05
4.9,3.6,-0.05
4.9,3.7,-0.05
4.9,3.8,-0.05
4.9,3.9,-0.05
4.9,4,-0.05
4.9,4.1,-0.05
4.9,4.2,-0.05
4.9,4.3,-0.05
4.9,4.4,-0.05
4.9,4.5,-0.05
4.9,4.6,-0.05
4.9,4.7,-0.0520292
4.9,4.8,-0.101196
4.9,4.9,-0.134076
4.9,5,-0.154599
4.9,5.1,-0.165846
4.9,5.2,-0.170222
4.9,5.3,-0.169595
4.9,5.4,-0.16541
4.9,5.5,-0.158779
4.9,5.6,-0.150548
4.9,5.7,-0.141359
4.9,5.8,-0.131688
4.9,5.9,-0.121889
4.9,6,-0.112216
4.9,6.1,-0.102848
4.9,6.2,-0.0939064
4.9,6.3,-0.0854676
4.9,6.4,-0.0775756
4.9,6.5,-0.0702497
4.9,6.6,-0.0634908
4.9,6.7,-0.0572872
4.9,6.8,-0.051618
4.9,6.9,-0.05
4.9,7,-0.05
5,2,-0.05
5,2.1,-0.05
5,2.2,-0.05
5,2.3,-0.05
5,2.4,-0.05
5,2.5,-0.05
5,2.6,-0.05
5,2.7,-0.05
5,2.8,-0.05
5,2.9,-0.05
5,3,-0.05
5,3.1,-0.05
5,3.2,-0.05
5,3.3,-0.05
5,3.4,-0.05
5,3.5,-0.05
5,3.6,-0.05
5,3.7,-0.05
5,3.8,-0.05
5,3.9,-0.05
5,4,-0.05
5,4.1,-0.05
5,4.2,-0.05
5,4.3,-0.05
5,4.4,-0.05
5,4.5,-0.05
5,4.6,-0.05
5,4.7,-0.05
5,4.8,-0.0601314
5,4.9,-0.106533
5,5,-0.1374
5,5.1,-0.156479
5,5.2,-0.166707
5,5.3,-0.170381
5,5.4,-0.169285
5,5.5,-0.164802
5,5.6,-0.157993
5,5.7,-0.14967
5,5.8,-0.140447
5,5.9,-0.130782
5,6,-0.121013
5,6.1,-0.111385
5,6.2,-0.102068
5,6.3,-0.0931789
5,6.4,-0.0847919
5,6.5,-0.0769484
5,6.6,-0.0696666
5,6.7,-0.0629471
5,6.8,-0.056778
5,6.9,-0.0511389
5,7,-0.05
